-- 人事数据看板示例数据

USE hr_dashboard;

-- 插入员工花名册示例数据
INSERT INTO employee_roster (
  sequence_number, region, department, position, name, gender, ethnicity, 
  political_status, employee_type, insurance_type, birth_date, birthday, 
  entry_date, actual_regularization_date, work_age_months, id_card_number, 
  age, hometown, graduation_school, major, education, education_method, 
  graduation_date, interviewer_name, marital_status, current_address, 
  personal_contact, emergency_contact_name, emergency_contact_phone, 
  bank_card_number, labor_relation_affiliation, social_insurance_affiliation, 
  non_compete_agreement, confidentiality_agreement, organization_region
) VALUES
('001', '总部', '技术部', '高级工程师', '张三', '男', '汉族', '党员', '正式员工', '五险一金', '1990-05-15', '05-15', '2020-03-01', '2020-06-01', 45, '110101199005150001', 33, '北京', '清华大学', '计算机科学与技术', '本科', '全日制', '2012-06-30', '李经理', '已婚', '北京市朝阳区', '13800138001', '张父', '13900139001', '6222021234567890', '总部', '总部', '是', '是', '华东'),
('002', '杭州', '产品部', '产品经理', '李四', '女', '汉族', '群众', '正式员工', '五险一金', '1992-08-20', '08-20', '2021-01-15', '2021-04-15', 32, '330101199208200002', 31, '浙江杭州', '浙江大学', '工商管理', '硕士', '全日制', '2015-06-30', '王总监', '未婚', '杭州市西湖区', '13800138002', '李母', '13900139002', '6222021234567891', '杭州分公司', '杭州分公司', '否', '是', '华东'),
('003', '上海', '市场部', '市场专员', '王五', '男', '汉族', '团员', '正式员工', '五险一金', '1995-12-10', '12-10', '2022-06-01', '2022-09-01', 18, '310101199512100003', 28, '上海', '复旦大学', '市场营销', '本科', '全日制', '2017-06-30', '陈主管', '未婚', '上海市浦东新区', '13800138003', '王父', '13900139003', '6222021234567892', '上海分公司', '上海分公司', '否', '是', '华东'),
('004', '合肥', '人事部', 'HR专员', '赵六', '女', '汉族', '群众', '正式员工', '五险一金', '1993-03-25', '03-25', '2021-09-01', '2021-12-01', 27, '340101199303250004', 30, '安徽合肥', '安徽大学', '人力资源管理', '本科', '全日制', '2015-06-30', '刘总', '已婚', '合肥市蜀山区', '13800138004', '赵母', '13900139004', '6222021234567893', '合肥分公司', '合肥分公司', '否', '是', '华东'),
('005', '宁波', '财务部', '会计', '钱七', '女', '汉族', '党员', '正式员工', '五险一金', '1988-11-08', '11-08', '2019-05-01', '2019-08-01', 54, '330201198811080005', 35, '浙江宁波', '宁波大学', '会计学', '本科', '全日制', '2010-06-30', '孙经理', '已婚', '宁波市海曙区', '13800138005', '钱父', '13900139005', '6222021234567894', '宁波分公司', '宁波分公司', '否', '是', '华东'),
('006', '义乌', '销售部', '销售代表', '孙八', '男', '汉族', '群众', '正式员工', '五险一金', '1996-07-18', '07-18', '2023-02-01', '2023-05-01', 10, '330782199607180006', 27, '浙江义乌', '义乌工商学院', '国际贸易', '大专', '全日制', '2018-06-30', '周主管', '未婚', '义乌市稠城街道', '13800138006', '孙母', '13900139006', '6222021234567895', '义乌分公司', '义乌分公司', '否', '否', '华东'),
('007', '总部', '技术部', '初级工程师', '周九', '男', '汉族', '团员', '实习生', '五险', '1998-04-12', '04-12', '2023-07-01', NULL, 5, '110101199804120007', 25, '北京', '北京理工大学', '软件工程', '本科', '全日制', '2020-06-30', '李经理', '未婚', '北京市海淀区', '13800138007', '周父', '13900139007', '6222021234567896', '总部', '总部', '否', '否', '华东'),
('008', '杭州', '设计部', 'UI设计师', '吴十', '女', '汉族', '群众', '正式员工', '五险一金', '1994-09-30', '09-30', '2022-03-01', '2022-06-01', 21, '330101199409300008', 29, '浙江杭州', '中国美术学院', '视觉传达设计', '本科', '全日制', '2016-06-30', '郑总监', '未婚', '杭州市滨江区', '13800138008', '吴母', '13900139008', '6222021234567897', '杭州分公司', '杭州分公司', '否', '是', '华东');

-- 插入离职监控示例数据
INSERT INTO resignation_monitoring (
  sequence_number, region, department, position, name, gender, ethnicity, 
  political_status, employee_type, insurance_type, birth_date, birthday, 
  entry_date, actual_regularization_date, work_age_months, id_card_number, 
  age, hometown, graduation_school, major, education, education_method, 
  graduation_date, interviewer_name, marital_status, current_address, 
  personal_contact, emergency_contact_name, emergency_contact_phone, 
  bank_card_number, labor_relation_affiliation, social_insurance_affiliation, 
  non_compete_agreement, confidentiality_agreement, resignation_date, 
  resignation_type, resignation_reason, organization_region
) VALUES
('009', '上海', '技术部', '高级工程师', '郑十一', '男', '汉族', '党员', '正式员工', '五险一金', '1987-06-15', '06-15', '2018-03-01', '2018-06-01', 68, '310101198706150009', 36, '上海', '上海交通大学', '计算机科学与技术', '硕士', '全日制', '2010-06-30', '李经理', '已婚', '上海市徐汇区', '13800138009', '郑父', '13900139009', '6222021234567898', '上海分公司', '上海分公司', '是', '是', '2023-11-30', '主动离职', '个人发展', '华东'),
('010', '合肥', '市场部', '市场经理', '王十二', '女', '汉族', '群众', '正式员工', '五险一金', '1985-12-20', '12-20', '2017-01-15', '2017-04-15', 82, '340101198512200010', 38, '安徽合肥', '中南财经政法大学', '市场营销', '本科', '全日制', '2008-06-30', '张总', '已婚', '合肥市庐阳区', '13800138010', '王母', '13900139010', '6222021234567899', '合肥分公司', '合肥分公司', '否', '是', '2023-10-15', '协商离职', '家庭原因', '华东'),
('011', '宁波', '销售部', '销售主管', '李十三', '男', '汉族', '团员', '正式员工', '五险一金', '1990-08-08', '08-08', '2019-06-01', '2019-09-01', 52, '330201199008080011', 33, '浙江宁波', '宁波大学', '工商管理', '本科', '全日制', '2012-06-30', '陈经理', '已婚', '宁波市江北区', '13800138011', '李父', '13900139011', '6222021234567900', '宁波分公司', '宁波分公司', '否', '是', '2023-12-01', '被动离职', '业绩不达标', '华东'),
('012', '杭州', '技术部', '软件工程师', '陈十四', '男', '汉族', '群众', '正式员工', '五险一金', '1991-03-12', '03-12', '2020-05-01', '2020-08-01', 43, '330101199103120012', 32, '浙江杭州', '浙江工业大学', '软件工程', '本科', '全日制', '2013-06-30', '李经理', '未婚', '杭州市西湖区', '13800138012', '陈父', '13900139012', '6222021234567901', '杭州分公司', '杭州分公司', '否', '是', '2023-09-15', '主动离职', '薪资待遇', '华东'),
('013', '上海', '销售部', '销售代表', '刘十五', '女', '汉族', '团员', '正式员工', '五险一金', '1994-07-25', '07-25', '2021-08-01', '2021-11-01', 28, '310101199407250013', 29, '上海', '华东师范大学', '市场营销', '本科', '全日制', '2016-06-30', '王经理', '未婚', '上海市浦东新区', '13800138013', '刘母', '13900139013', '6222021234567902', '上海分公司', '上海分公司', '否', '是', '2023-08-20', '协商离职', '工作压力', '华东'),
('014', '合肥', '人事部', '人事专员', '黄十六', '女', '汉族', '群众', '正式员工', '五险一金', '1989-11-18', '11-18', '2019-03-01', '2019-06-01', 56, '340101198911180014', 34, '安徽合肥', '安徽师范大学', '人力资源管理', '本科', '全日制', '2011-06-30', '赵总', '已婚', '合肥市包河区', '13800138014', '黄父', '13900138014', '6222021234567903', '合肥分公司', '合肥分公司', '否', '是', '2023-07-10', '主动离职', '个人发展', '华东'),
('015', '宁波', '财务部', '财务助理', '林十七', '男', '汉族', '党员', '正式员工', '五险一金', '1992-01-30', '01-30', '2020-10-01', '2021-01-01', 38, '330201199201300015', 31, '浙江宁波', '宁波财经学院', '会计学', '本科', '全日制', '2014-06-30', '孙经理', '未婚', '宁波市鄞州区', '13800138015', '林母', '13900139015', '6222021234567904', '宁波分公司', '宁波分公司', '否', '是', '2023-06-05', '被动离职', '业绩不达标', '华东'),
('016', '杭州', '产品部', '产品专员', '周十八', '女', '汉族', '群众', '正式员工', '五险一金', '1993-09-08', '09-08', '2021-12-01', '2022-03-01', 23, '330101199309080016', 30, '浙江杭州', '杭州电子科技大学', '工业设计', '本科', '全日制', '2015-06-30', '郑总监', '未婚', '杭州市滨江区', '13800138016', '周父', '13900139016', '6222021234567905', '杭州分公司', '杭州分公司', '否', '是', '2023-05-18', '主动离职', '家庭原因', '华东');

-- 插入人员异动明细示例数据
INSERT INTO personnel_changes (
  department, name, original_position, new_position, change_date, 
  change_reason, change_remarks
) VALUES
('技术部', '张三', '中级工程师', '高级工程师', '2023-01-01', '晋升', '技术能力突出，工作表现优秀'),
('产品部', '李四', '产品专员', '产品经理', '2023-03-15', '晋升', '产品规划能力强，团队协作良好'),
('市场部', '王五', '市场助理', '市场专员', '2023-06-01', '晋升', '市场分析能力提升，客户维护良好'),
('人事部', '赵六', '人事助理', 'HR专员', '2022-12-01', '晋升', '人事工作经验丰富，沟通能力强'),
('财务部', '钱七', '出纳', '会计', '2022-08-01', '调动', '财务专业能力强，适合会计岗位'),
('销售部', '孙八', '销售助理', '销售代表', '2023-05-01', '晋升', '销售业绩良好，客户关系维护佳'),
('设计部', '吴十', '设计助理', 'UI设计师', '2022-09-01', '晋升', '设计能力突出，创意思维活跃');
